"id","city","created_time","name","user_id"
"15","Hyderabad","2018-09-28T18:46:32+0000","Prasad Imax, Paradise, Hyderabad","114781919492498"
"16","Hyderabad","2018-09-28T15:49:33+0000","Charminar","114781919492498"
"17","Hyderabad","2018-09-28T18:46:32+0000","Prasad Imax, Paradise, Hyderabad","114781919492498"
"18","Hyderabad","2018-09-28T15:49:33+0000","Charminar","114781919492498"
"19","Hyderabad","2018-09-28T15:43:12+0000","Club Rouge","114781919492498"
"20","Hyderabad","2018-09-22T15:30:00+0000","Heart Cup Cafe Hyderbad","114781919492498"
"21","Hyderabad","2018-09-18T15:30:00+0000","Banjara Ohris","114781919492498"
"22","Hyderabad","2018-08-31T08:30:00+0000","Wonderla","114781919492498"
"23","Hyderabad","2018-08-28T12:30:00+0000","Prost Brewpub Hyderabad","114781919492498"
"24","Hyderabad","2018-06-08T08:30:00+0000","The Forum Sujana Mall","114781919492498"
"25","Hyderabad","2018-04-04T06:30:00+0000","Salar Jung Museum & Library","114781919492498"
"26","Noida","2018-03-25T07:30:00+0000","Worlds of Wonder","114781919492498"
"27","New Delhi","2018-03-25T06:30:00+0000","Select City Walk Mall ,Saket","114781919492498"
"28","Delhi","2018-03-24T04:30:00+0000","Lotus Temple Kalkaji","114781919492498"
"29","New Delhi","2018-03-24T04:30:00+0000","India Gate","114781919492498"
"30","New Delhi","2018-03-23T14:30:00+0000","Moonshine Cafe & Bar","114781919492498"
"31","New Delhi","2018-03-21T13:30:00+0000","Hauz Khas Social","114781919492498"
"32","New Delhi","2018-03-18T11:30:00+0000","My Connaught Place","114781919492498"
"33","Noida","2018-01-31T06:30:00+0000","Auto Expo Greater Nodia","114781919492498"
"34","Hyderabad","2018-01-09T05:30:00+0000","Golconda Fort, Telengana.","114781919492498"
"35","Moradabad","2018-01-05T17:30:00+0000","Murthal, Haryana","114781919492498"
"36","Kullu","2017-12-08T03:30:00+0000","Kheerganga","114781919492498"
"37","Manali","2017-12-04T22:30:00+0000","Kullu Manali, India","114781919492498"
"38","Shimla","2017-11-20T08:30:00+0000","Shimla Mall Road Himachal Pradesh","114781919492498"
"39","Amritsar","2017-11-06T06:30:00+0000","Sri Harmandir Sahib, Sri Amritsar - www.sgpc.net","114781919492498"
"40","Hyderabad","2018-09-28T18:46:32+0000","Prasad Imax, Paradise, Hyderabad","114781919492498"
"41","New Delhi","2017-10-14T07:30:00+0000","Rajouri Garden","114781919492498"
"42","Hyderabad","2018-09-28T15:49:33+0000","Charminar","114781919492498"
"43","Gurgaon","2017-10-08T09:30:00+0000","F9 Go Karting","114781919492498"
"44","Hyderabad","2018-09-28T15:43:12+0000","Club Rouge","114781919492498"
"45","Hyderabad","2018-09-22T15:30:00+0000","Heart Cup Cafe Hyderbad","114781919492498"
"46","Hyderabad","2018-09-18T15:30:00+0000","Banjara Ohris","114781919492498"
"47","Hyderabad","2018-08-31T08:30:00+0000","Wonderla","114781919492498"
"48","Hyderabad","2018-08-28T12:30:00+0000","Prost Brewpub Hyderabad","114781919492498"
"49","Hyderabad","2018-06-08T08:30:00+0000","The Forum Sujana Mall","114781919492498"
"50","Hyderabad","2018-04-04T06:30:00+0000","Salar Jung Museum & Library","114781919492498"
"51","Noida","2018-03-25T07:30:00+0000","Worlds of Wonder","114781919492498"
"52","New Delhi","2018-03-25T06:30:00+0000","Select City Walk Mall ,Saket","114781919492498"
"53","Delhi","2018-03-24T04:30:00+0000","Lotus Temple Kalkaji","114781919492498"
"54","New Delhi","2018-03-24T04:30:00+0000","India Gate","114781919492498"
"55","New Delhi","2018-03-23T14:30:00+0000","Moonshine Cafe & Bar","114781919492498"
"56","New Delhi","2018-03-21T13:30:00+0000","Hauz Khas Social","114781919492498"
"57","New Delhi","2018-03-18T11:30:00+0000","My Connaught Place","114781919492498"
"58","Noida","2018-01-31T06:30:00+0000","Auto Expo Greater Nodia","114781919492498"
"59","Hyderabad","2018-01-09T05:30:00+0000","Golconda Fort, Telengana.","114781919492498"
"60","Moradabad","2018-01-05T17:30:00+0000","Murthal, Haryana","114781919492498"
"61","Kullu","2017-12-08T03:30:00+0000","Kheerganga","114781919492498"
"62","Manali","2017-12-04T22:30:00+0000","Kullu Manali, India","114781919492498"
"63","Shimla","2017-11-20T08:30:00+0000","Shimla Mall Road Himachal Pradesh","114781919492498"
"64","Amritsar","2017-11-06T06:30:00+0000","Sri Harmandir Sahib, Sri Amritsar - www.sgpc.net","114781919492498"
"65","New Delhi","2017-10-14T07:30:00+0000","Rajouri Garden","114781919492498"
"66","Gurgaon","2017-10-08T09:30:00+0000","F9 Go Karting","114781919492498"
"67","Hyderabad","2018-09-28T18:46:32+0000","Prasad Imax, Paradise, Hyderabad","114781919492498"
"68","Hyderabad","2018-09-28T15:49:33+0000","Charminar","114781919492498"
"69","Hyderabad","2018-09-28T15:43:12+0000","Club Rouge","114781919492498"
"70","Hyderabad","2018-09-22T15:30:00+0000","Heart Cup Cafe Hyderbad","114781919492498"
"71","Hyderabad","2018-09-18T15:30:00+0000","Banjara Ohris","114781919492498"
"72","Hyderabad","2018-08-31T08:30:00+0000","Wonderla","114781919492498"
"73","Hyderabad","2018-08-28T12:30:00+0000","Prost Brewpub Hyderabad","114781919492498"
"74","Hyderabad","2018-06-08T08:30:00+0000","The Forum Sujana Mall","114781919492498"
"75","Hyderabad","2018-04-04T06:30:00+0000","Salar Jung Museum & Library","114781919492498"
"76","Noida","2018-03-25T07:30:00+0000","Worlds of Wonder","114781919492498"
"77","New Delhi","2018-03-25T06:30:00+0000","Select City Walk Mall ,Saket","114781919492498"
"78","Delhi","2018-03-24T04:30:00+0000","Lotus Temple Kalkaji","114781919492498"
"79","New Delhi","2018-03-24T04:30:00+0000","India Gate","114781919492498"
"80","New Delhi","2018-03-23T14:30:00+0000","Moonshine Cafe & Bar","114781919492498"
"81","New Delhi","2018-03-21T13:30:00+0000","Hauz Khas Social","114781919492498"
"82","New Delhi","2018-03-18T11:30:00+0000","My Connaught Place","114781919492498"
"83","Noida","2018-01-31T06:30:00+0000","Auto Expo Greater Nodia","114781919492498"
"84","Hyderabad","2018-01-09T05:30:00+0000","Golconda Fort, Telengana.","114781919492498"
"85","Moradabad","2018-01-05T17:30:00+0000","Murthal, Haryana","114781919492498"
"86","Kullu","2017-12-08T03:30:00+0000","Kheerganga","114781919492498"
"87","Manali","2017-12-04T22:30:00+0000","Kullu Manali, India","114781919492498"
"88","Shimla","2017-11-20T08:30:00+0000","Shimla Mall Road Himachal Pradesh","114781919492498"
"89","Amritsar","2017-11-06T06:30:00+0000","Sri Harmandir Sahib, Sri Amritsar - www.sgpc.net","114781919492498"
"90","New Delhi","2017-10-14T07:30:00+0000","Rajouri Garden","114781919492498"
"91","Gurgaon","2017-10-08T09:30:00+0000","F9 Go Karting","114781919492498"
"92","Hyderabad","2018-09-28T18:46:32+0000","Prasad Imax, Paradise, Hyderabad","114781919492498"
"93","Hyderabad","2018-09-28T15:49:33+0000","Charminar","114781919492498"
"94","Hyderabad","2018-09-28T15:43:12+0000","Club Rouge","114781919492498"
"95","Hyderabad","2018-09-22T15:30:00+0000","Heart Cup Cafe Hyderbad","114781919492498"
"96","Hyderabad","2018-09-18T15:30:00+0000","Banjara Ohris","114781919492498"
"97","Hyderabad","2018-08-31T08:30:00+0000","Wonderla","114781919492498"
"98","Hyderabad","2018-08-28T12:30:00+0000","Prost Brewpub Hyderabad","114781919492498"
"99","Hyderabad","2018-06-08T08:30:00+0000","The Forum Sujana Mall","114781919492498"
"100","Hyderabad","2018-04-04T06:30:00+0000","Salar Jung Museum & Library","114781919492498"
"101","Noida","2018-03-25T07:30:00+0000","Worlds of Wonder","114781919492498"
"102","New Delhi","2018-03-25T06:30:00+0000","Select City Walk Mall ,Saket","114781919492498"
"103","Delhi","2018-03-24T04:30:00+0000","Lotus Temple Kalkaji","114781919492498"
"104","New Delhi","2018-03-24T04:30:00+0000","India Gate","114781919492498"
"105","New Delhi","2018-03-23T14:30:00+0000","Moonshine Cafe & Bar","114781919492498"
"106","New Delhi","2018-03-21T13:30:00+0000","Hauz Khas Social","114781919492498"
"107","New Delhi","2018-03-18T11:30:00+0000","My Connaught Place","114781919492498"
"108","Noida","2018-01-31T06:30:00+0000","Auto Expo Greater Nodia","114781919492498"
"109","Hyderabad","2018-01-09T05:30:00+0000","Golconda Fort, Telengana.","114781919492498"
"110","Moradabad","2018-01-05T17:30:00+0000","Murthal, Haryana","114781919492498"
"111","Kullu","2017-12-08T03:30:00+0000","Kheerganga","114781919492498"
"112","Manali","2017-12-04T22:30:00+0000","Kullu Manali, India","114781919492498"
"113","Shimla","2017-11-20T08:30:00+0000","Shimla Mall Road Himachal Pradesh","114781919492498"
"114","Amritsar","2017-11-06T06:30:00+0000","Sri Harmandir Sahib, Sri Amritsar - www.sgpc.net","114781919492498"
"115","New Delhi","2017-10-14T07:30:00+0000","Rajouri Garden","114781919492498"
"116","Gurgaon","2017-10-08T09:30:00+0000","F9 Go Karting","114781919492498"
